path,status,duration_seconds,sample_rate_hz,channels,mean_volume_db,max_volume_db,warnings,sha256
outputs/kokoro/raw/zf_xiaobei.wav,PASS,10.65,24000,1,-23.6,-6.7,contains_silence_over_0.8s,252d598677035405f4cf3605596f9594a969c779ee18fa3923bb32cac1833a8c
outputs/kokoro/raw/zf_xiaoni.wav,PASS,9.575,24000,1,-22.4,-4.2,contains_silence_over_0.8s,b6f2639a8ccf5b40eb4f46b5ece786311bf6c6eb910ceeb7c8acf097fffedd08
outputs/kokoro/raw/zf_xiaoxiao.wav,PASS,9.225,24000,1,-20.1,-4.4,,fb664b2ac0c766bdd385a6a64833ecc110d9b67f63c40a5a61dd49caf7dedf54
outputs/kokoro/raw/zf_xiaoyi.wav,PASS,9.05,24000,1,-23.0,-8.1,contains_silence_over_0.8s,0e80884e1b7b49b5b0fdde13ba3c666d779dea04e770f7dcf1893d415aa0b45d
outputs/kokoro/raw/zm_yunjian.wav,PASS,8.875,24000,1,-24.5,-7.4,contains_silence_over_0.8s,b603b442dc8648f78b3e09510544189119a9f39419479047b6ce128692bb0704
outputs/kokoro/raw/zm_yunxi.wav,PASS,8.775,24000,1,-26.1,-4.8,contains_silence_over_0.8s,2d3205777955cf3911381b47242f9ee33b25d35311d4bb3a74a9d06161f47b69
outputs/kokoro/raw/zm_yunxia.wav,PASS,9.625,24000,1,-24.0,-7.0,contains_silence_over_0.8s,32542e2f20c8f746d1bc882a8d471078e6acfc7afbcf5e4dc65ca0d5eb5eeb20
outputs/kokoro/raw/zm_yunyang.wav,PASS,8.575,24000,1,-28.2,-4.6,contains_silence_over_0.8s,7b6f42846853996af24e209ed3c86aa6b9f5c6bc05df6cc9e3a4c5e38c8200d2
outputs/listen-audio/kokoro/zf_xiaobei.wav,PASS,9.072167,24000,1,-17.7,-1.5,,f46c67b9c3751939c482a3869be011e9de1912a3f78c0d6d3aecc53bc9cfa0b7
outputs/listen-audio/kokoro/zf_xiaoni.wav,PASS,7.972458,24000,1,-18.1,-1.5,,5032e115f3d9592f777e48f6cd2414158231a51b066aaf85a232dd82e42ac9e2
outputs/listen-audio/kokoro/zf_xiaoxiao.wav,PASS,7.956792,24000,1,-18.0,-2.5,,d007d06aa4d0ac05500af835fd56910c7afbcd0d0f615d541464727641e3fca7
outputs/listen-audio/kokoro/zf_xiaoyi.wav,PASS,7.511708,24000,1,-18.0,-3.9,,65711255c9c8c7ecaa02ca87900194bb1b8f11eec6a00c236cdf9a1aa36a8f81
outputs/listen-audio/kokoro/zm_yunjian.wav,PASS,7.404833,24000,1,-18.2,-2.2,,9e2f73bee924bd217f94f787cc36814bdcc1b1a5f22f3687691bd0f39bfe5f26
outputs/listen-audio/kokoro/zm_yunxi.wav,PASS,7.201625,24000,1,-19.1,-1.5,,0c52a664a6a6d29de374c536a020bcd7b51090e1dab27f0ec062acf34ba0b512
outputs/listen-audio/kokoro/zm_yunxia.wav,PASS,8.066375,24000,1,-17.5,-1.5,,b8a375431b98ab3d893c772767d0b5f28b674e7a325e19f632603bb193132a4b
outputs/listen-audio/kokoro/zm_yunyang.wav,PASS,7.237375,24000,1,-19.2,-1.5,,a538ab02866f6b9c5fe7560ca15a5169369202b8d141e99de7befa4bbedd1d23
outputs/listen-audio/qwen3-tts/airy_spirit/mixed_language.wav,PASS,7.415583,24000,1,-18.0,-4.7,,124df97c4f7bfc6b1a6841ad2b1cbac6cb0131976da1b46a2d8d3cf2d9569c3a
outputs/listen-audio/qwen3-tts/airy_spirit/showcase.wav,PASS,9.918292,24000,1,-18.5,-4.7,,329145d29838135e1692a0281680f53e032e99e9b2f9968d157d4cb1892166ac
outputs/listen-audio/qwen3-tts/airy_spirit/voice-master.wav,PASS,10.6345,24000,1,-18.1,-3.5,contains_silence_over_0.8s,f322dc337938b10f8e6bbe90c017e71cce4933bbfb725a3a6b468ee7fc2798aa
outputs/listen-audio/qwen3-tts/cool_senpai/mixed_language.wav,PASS,7.660417,24000,1,-17.4,-2.9,,ca0dbae3bf759e8136a78a62cdee6f122b84be08ffbffb6dadd7b0598a9b399e
outputs/listen-audio/qwen3-tts/cool_senpai/showcase.wav,PASS,9.855375,24000,1,-18.3,-3.3,,c817f2bf329f1075257449bbee0671d83a77c6509d09581ce447f9aaca1656d7
outputs/listen-audio/qwen3-tts/cool_senpai/voice-master.wav,PASS,7.783792,24000,1,-18.0,-1.6,contains_silence_over_0.8s,1c1bd2eaacdf3f2d97646f6986c9d8c5580dd5e3de4f4329e019dcc8d6bd84e3
outputs/listen-audio/qwen3-tts/hotblood_youth/mixed_language.wav,PASS,6.50675,24000,1,-18.1,-1.7,,9389a8713d7931d3adf12c8a5e2e7ac966557b577af809bce76c81997cf9532a
outputs/listen-audio/qwen3-tts/hotblood_youth/showcase.wav,PASS,9.091625,24000,1,-18.2,-1.8,,df4f264a8079b7d908cdc7b5d6d30bd424582728bd28c7080d44dbb508a8d11b
outputs/listen-audio/qwen3-tts/hotblood_youth/voice-master.wav,PASS,7.382125,24000,1,-18.6,-2.6,contains_silence_over_0.8s,932f8654949623584dbd204ba207437680751d9c540e89f1172719572bb142e2
outputs/listen-audio/qwen3-tts/moe_spark/mixed_language.wav,PASS,7.700833,24000,1,-19.3,-1.5,,8ee2d27f3f50e16e818d5961cbecdbf7bcb86838fbd87e8714663a8b62f5aea3
outputs/listen-audio/qwen3-tts/moe_spark/showcase.wav,PASS,9.444083,24000,1,-18.6,-1.5,,6eba53d507cd5973fdb785519b92444e4cd8baa762c724adee97f4e1858c2c0a
outputs/listen-audio/qwen3-tts/moe_spark/voice-master.wav,PASS,8.53,24000,1,-19.1,-1.6,,9ae3ef83f910357bc56bc20a21c89d6442fc8be2af6009019824a28b0c314e76
outputs/listen-audio/qwen3-tts/mystic_rival/mixed_language.wav,PASS,7.663,24000,1,-17.7,-1.5,contains_silence_over_0.8s,473dd76a0da74ad7981de73ea6293fe24b4fbbc4fab56f117cd2a94c5ceb0412
outputs/listen-audio/qwen3-tts/mystic_rival/showcase.wav,PASS,8.818917,24000,1,-17.9,-1.5,,ecd79813e7095a8fa1bcb5246d2e4dede3e93f4923a0ce9a263a5e7e7a9746d7
outputs/listen-audio/qwen3-tts/mystic_rival/voice-master.wav,PASS,8.34375,24000,1,-18.0,-1.5,contains_silence_over_0.8s,259ec7f40b412a5a9e8fda54b255324c14b589af76b521355c25dbd6a894d0c9
outputs/listen-audio/qwen3-tts/sleepy_cat/mixed_language.wav,PASS,6.644167,24000,1,-18.2,-4.0,,7e15edce3d4eddbf59d3dbc02a3c33579f3f1189aa1acb6b46b44fcc1ccfeaec
outputs/listen-audio/qwen3-tts/sleepy_cat/showcase.wav,PASS,9.632417,24000,1,-18.3,-3.0,contains_silence_over_0.8s,d4cc5cc56d2124f2c3694d8345d35160e9bcf048d646f2932151a3681b0e1f53
outputs/listen-audio/qwen3-tts/sleepy_cat/voice-master.wav,PASS,11.03325,24000,1,-19.4,-1.6,,eb60c9e9be48dd9524406be120a39be77412f66f6cf680869743c2bd3f1aa6a2
outputs/listen-audio/qwen3-tts/soft_healer/mixed_language.wav,PASS,7.748333,24000,1,-17.1,-3.7,,cdbafb9114cf266bf63b2e5299df6146c1f250e823c39040ff73fcf49e0c2126
outputs/listen-audio/qwen3-tts/soft_healer/showcase.wav,PASS,9.3805,24000,1,-17.9,-5.0,,88086f4a72fd81dbd9c1470f0ae45202e04faf3f6dba1c563984e0c6b3f9b3a1
outputs/listen-audio/qwen3-tts/soft_healer/voice-master.wav,PASS,9.623708,24000,1,-18.3,-3.0,contains_silence_over_0.8s,f1157c5c6fc0a26d840b9d1d0c0db9dd26b0145a97bec004eea8a0166d75c932
outputs/listen-audio/qwen3-tts/tsundere_comic/mixed_language.wav,PASS,6.651708,24000,1,-17.9,-3.7,,28258fd07ccb35307fc8791b015b4b23413c59ed0f0757b15f93eefcd6009c67
outputs/listen-audio/qwen3-tts/tsundere_comic/showcase.wav,PASS,8.172875,24000,1,-17.7,-3.2,,88c8a8fa496c9ae32d0e6a05296db6914ccb3937a683c685fc339446dccbf375
outputs/listen-audio/qwen3-tts/tsundere_comic/voice-master.wav,PASS,7.3535,24000,1,-18.3,-3.9,,121b9cdada88087f702ff61b49e7bf11457532b47d02812aea36ed75c7b58fba
outputs/qwen3-tts/airy_spirit/raw/mixed_language.wav,PASS,8.045792,24000,1,-21.9,-8.6,,2aa100e7f242f661283a0948d2bc670be30d7636b748ac7e3ab79425f466eb50
outputs/qwen3-tts/airy_spirit/raw/showcase.wav,PASS,10.56,24000,1,-21.8,-8.0,,19516b95ca253284c1828e822a8c775f7b19733e0474be137f99125205cf496b
outputs/qwen3-tts/airy_spirit/raw/voice-master.wav,PASS,10.8,24000,1,-21.8,-7.1,contains_silence_over_0.8s,c53225892d5ed8095c7842ca720d220aa2666e2f217228af9698d06a1ba4023e
outputs/qwen3-tts/airy_spirit/ready/mixed_language.wav,PASS,8.045792,24000,1,-21.9,-8.6,,2aa100e7f242f661283a0948d2bc670be30d7636b748ac7e3ab79425f466eb50
outputs/qwen3-tts/airy_spirit/ready/showcase.wav,PASS,10.2,24000,1,-21.7,-8.0,,5527f877625325f0ab9a841b88416a7652c2bae5164a65bd0dc7981abe3c4da0
outputs/qwen3-tts/airy_spirit/ready/voice-master.wav,PASS,10.8,24000,1,-21.8,-7.1,contains_silence_over_0.8s,c53225892d5ed8095c7842ca720d220aa2666e2f217228af9698d06a1ba4023e
outputs/qwen3-tts/cool_senpai/raw/mixed_language.wav,PASS,7.760417,24000,1,-20.0,-5.1,,091f32cd66c0e38951a8c7083b4132db3aa0c56cae26d1b31ed215bbcb827898
outputs/qwen3-tts/cool_senpai/raw/showcase.wav,PASS,9.955375,24000,1,-20.4,-4.9,,fd4bcc8920b5871cab80e3399902adb062577fe0d3529ff49cea6f3024fb1cda
outputs/qwen3-tts/cool_senpai/raw/voice-master.wav,PASS,7.92,24000,1,-19.4,-4.3,contains_silence_over_0.8s,dadee84bd7feaffb19abc44c29f3b8fbee93e84941699a176996c0e10746acf8
outputs/qwen3-tts/cool_senpai/ready/mixed_language.wav,PASS,7.760417,24000,1,-20.0,-5.1,,091f32cd66c0e38951a8c7083b4132db3aa0c56cae26d1b31ed215bbcb827898
outputs/qwen3-tts/cool_senpai/ready/showcase.wav,PASS,9.955375,24000,1,-20.4,-4.9,,fd4bcc8920b5871cab80e3399902adb062577fe0d3529ff49cea6f3024fb1cda
outputs/qwen3-tts/cool_senpai/ready/voice-master.wav,PASS,7.92,24000,1,-19.4,-4.3,contains_silence_over_0.8s,dadee84bd7feaffb19abc44c29f3b8fbee93e84941699a176996c0e10746acf8
outputs/qwen3-tts/hotblood_youth/raw/mixed_language.wav,PASS,6.60675,24000,1,-21.2,-4.7,,8bc2c3e321fc3ef2059fe31d1f63201b15742d74e2610d893a4afafe4eaab12f
outputs/qwen3-tts/hotblood_youth/raw/showcase.wav,PASS,9.191625,24000,1,-21.3,-4.7,,f317cfbacfdc3938c17306ea2b35c8bbe6fa0d7843ca4ffc0727a4d064084666
outputs/qwen3-tts/hotblood_youth/raw/voice-master.wav,PASS,7.52,24000,1,-20.8,-4.4,contains_silence_over_0.8s,335269748b3208423a4e4ed9899da870f3e4a2a9c0e4f940710c9731878530ae
outputs/qwen3-tts/hotblood_youth/ready/mixed_language.wav,PASS,6.60675,24000,1,-21.2,-4.7,,8bc2c3e321fc3ef2059fe31d1f63201b15742d74e2610d893a4afafe4eaab12f
outputs/qwen3-tts/hotblood_youth/ready/showcase.wav,PASS,9.191625,24000,1,-21.3,-4.7,,f317cfbacfdc3938c17306ea2b35c8bbe6fa0d7843ca4ffc0727a4d064084666
outputs/qwen3-tts/hotblood_youth/ready/voice-master.wav,PASS,7.52,24000,1,-20.8,-4.4,contains_silence_over_0.8s,335269748b3208423a4e4ed9899da870f3e4a2a9c0e4f940710c9731878530ae
outputs/qwen3-tts/moe_spark/raw/mixed_language.wav,PASS,8.082667,24000,1,-24.0,-5.1,,b7db407cb23f6f016fee7cbcf18bb510980b1690816e920738fab527a3d344bf
outputs/qwen3-tts/moe_spark/raw/showcase.wav,PASS,10.116958,24000,1,-24.1,-6.4,,5f1b296b0c02143716465efc834a1dce616332e726d02b58c2ab8b2daaf857fa
outputs/qwen3-tts/moe_spark/raw/voice-master.wav,PASS,8.72,24000,1,-22.5,-4.2,,3cc9ef2dda1967812cff30fb190cd436dc28b250f1d491e14f095dadc69152fb
outputs/qwen3-tts/moe_spark/ready/mixed_language.wav,PASS,8.082667,24000,1,-24.0,-5.1,,b7db407cb23f6f016fee7cbcf18bb510980b1690816e920738fab527a3d344bf
outputs/qwen3-tts/moe_spark/ready/showcase.wav,PASS,9.676958,24000,1,-23.9,-6.4,,31a76403690ca1ff33f8369a60784118f2a6f557cc5fc419a07572ad45c06102
outputs/qwen3-tts/moe_spark/ready/voice-master.wav,PASS,8.72,24000,1,-22.5,-4.2,,3cc9ef2dda1967812cff30fb190cd436dc28b250f1d491e14f095dadc69152fb
outputs/qwen3-tts/mystic_rival/raw/mixed_language.wav,PASS,7.763167,24000,1,-22.4,-3.6,contains_silence_over_0.8s,9998670c0e5378c17a47b86dbef3e6aeb478a0bd77564b07d88553031fad24f2
outputs/qwen3-tts/mystic_rival/raw/showcase.wav,PASS,8.918917,24000,1,-22.8,-4.8,,05ce4f4786d3f9d9ee641a1bdec02afef8cee9aa9897083e80f4a71732fc418c
outputs/qwen3-tts/mystic_rival/raw/voice-master.wav,PASS,8.48,24000,1,-21.4,-4.0,contains_silence_over_0.8s,f4b28e04cdd5fcbb4f3606d783cdc49a0abb2c122252e0f1346add33e6842102
outputs/qwen3-tts/mystic_rival/ready/mixed_language.wav,PASS,7.763167,24000,1,-22.4,-3.6,contains_silence_over_0.8s,9998670c0e5378c17a47b86dbef3e6aeb478a0bd77564b07d88553031fad24f2
outputs/qwen3-tts/mystic_rival/ready/showcase.wav,PASS,8.918917,24000,1,-22.8,-4.8,,05ce4f4786d3f9d9ee641a1bdec02afef8cee9aa9897083e80f4a71732fc418c
outputs/qwen3-tts/mystic_rival/ready/voice-master.wav,PASS,8.48,24000,1,-21.4,-4.0,contains_silence_over_0.8s,f4b28e04cdd5fcbb4f3606d783cdc49a0abb2c122252e0f1346add33e6842102
outputs/qwen3-tts/sleepy_cat/raw/mixed_language.wav,PASS,7.298417,24000,1,-20.4,-5.6,,d129d46eb3d78c1e1d14cc3645090f5f2f59e937a04271d080b3be3edeb8f1cd
outputs/qwen3-tts/sleepy_cat/raw/showcase.wav,PASS,10.202792,24000,1,-20.3,-4.5,contains_silence_over_0.8s,d58f6024b6c70b28cf62af1dfa7e4d719a30874cef35407b5968875122556c8f
outputs/qwen3-tts/sleepy_cat/raw/voice-master.wav,PASS,11.76,24000,1,-20.9,-3.6,,e768fef04b16e29a70321496acb6dd2a48b4b6b288f9a536d39d4f18c79dcc82
outputs/qwen3-tts/sleepy_cat/ready/mixed_language.wav,PASS,6.878417,24000,1,-20.2,-5.6,,d3935c7b7bbfa95562ed40271585788e964de38aa537613f8b28f61c423e1cc6
outputs/qwen3-tts/sleepy_cat/ready/showcase.wav,PASS,9.862792,24000,1,-20.2,-4.5,contains_silence_over_0.8s,fe66497edb1f5681f5755cc9c1c897ec78f36008b446b9eb61b8f0cbd244c5d8
outputs/qwen3-tts/sleepy_cat/ready/voice-master.wav,PASS,11.28,24000,1,-20.7,-3.6,,eb3a8a5c12cc7a1a18cb88d2ca795be62362c145927b421a4ca4076c2cc0a318
outputs/qwen3-tts/soft_healer/raw/mixed_language.wav,PASS,7.848333,24000,1,-21.5,-9.2,,8403b23f786bc3c54cd2f1f1cb5fa1d8a8bbf88cab78ff8c6a31f9b29bc930c6
outputs/qwen3-tts/soft_healer/raw/showcase.wav,PASS,9.4805,24000,1,-22.4,-9.3,,b6b63f0b270f738b6fb61ffde784fdeb398459931d7fa3172e70d0395c1b8b18
outputs/qwen3-tts/soft_healer/raw/voice-master.wav,PASS,9.76,24000,1,-21.0,-7.3,contains_silence_over_0.8s,1610cf180e0bd245d7a50381a403c529e43b8fd65e7bbc20433edbc5062c0c13
outputs/qwen3-tts/soft_healer/ready/mixed_language.wav,PASS,7.848333,24000,1,-21.5,-9.2,,8403b23f786bc3c54cd2f1f1cb5fa1d8a8bbf88cab78ff8c6a31f9b29bc930c6
outputs/qwen3-tts/soft_healer/ready/showcase.wav,PASS,9.4805,24000,1,-22.4,-9.3,,b6b63f0b270f738b6fb61ffde784fdeb398459931d7fa3172e70d0395c1b8b18
outputs/qwen3-tts/soft_healer/ready/voice-master.wav,PASS,9.76,24000,1,-21.0,-7.3,contains_silence_over_0.8s,1610cf180e0bd245d7a50381a403c529e43b8fd65e7bbc20433edbc5062c0c13
outputs/qwen3-tts/tsundere_comic/raw/mixed_language.wav,PASS,7.360875,24000,1,-20.4,-5.8,,fc9e6370660850ac4521ee526a617642729fbf2cf5d59e2a5af73dffdd51cb06
outputs/qwen3-tts/tsundere_comic/raw/showcase.wav,PASS,8.836917,24000,1,-21.4,-6.4,,915cc7641fe26a6beecabff134623ad6f508738b8e0f531236c1bec9a8858078
outputs/qwen3-tts/tsundere_comic/raw/voice-master.wav,PASS,7.6,24000,1,-19.9,-5.7,,69eb40e4e2e2603647510508180b33e3da288a12718577cbd39d4e896c995966
outputs/qwen3-tts/tsundere_comic/ready/mixed_language.wav,PASS,6.880875,24000,1,-20.1,-5.8,,780cffbf6e904278245b22a86836c600a78e2846100e877f811c3c95f9b7ef42
outputs/qwen3-tts/tsundere_comic/ready/showcase.wav,PASS,8.396917,24000,1,-21.2,-6.4,,fc8b6c441145998a240415ab83bb0d8ea35d8de4d525a7a2e370cc3632ec9020
outputs/qwen3-tts/tsundere_comic/ready/voice-master.wav,PASS,7.6,24000,1,-19.9,-5.7,,69eb40e4e2e2603647510508180b33e3da288a12718577cbd39d4e896c995966
